W,genotype
0.113175565402509,K-12(pBP136Km)
0.103841760818819,K-12(pBP136Km)
0.111020394402076,K-12(pBP136Km)
0.089629349433504,K-12(pBP136Km)
0.0812532784116528,K-12(pBP136Km)
0.0991342575460287,K-12(pBP136Km)
0.127692178691021,K-12(pBP136Km)
0.111730683059577,K-12(pBP136Km)
0.0853448631064062,K-12(pBP136Km)
0.122518204005486,K-12(pBP136Km)
0.123221041481477,K-12(pBP136KmΔupf31)
0.118552154677459,K-12(pBP136KmΔupf31)
0.130402986292842,K-12(pBP136KmΔupf31)
0.133933473162786,K-12(pBP136KmΔupf31)
0.124983708285808,K-12(pBP136KmΔupf31)
0.119159677515263,K-12(pBP136KmΔupf31)
0.128009025733204,K-12(pBP136KmΔupf31)
0.126830075572169,K-12(pBP136KmΔupf31)
0.131731525422399,K-12(pBP136KmΔupf31)
0.105825925928366,K-12(pBP136KmΔupf31)
